"CURB_65","APACHEII","PCT","age"
0.289171383604525,1.30777771272698e-21,0.263346255087255,0.611089077633855
